Model,Average Input Tokens,Average Output Tokens
gemini-1.0-pro-002,2297.5,427.2853535353535
gemini-1.5-flash-002,2297.5,510.67171717171715
gemini-2.0-flash-exp,2297.5,773.9924242424242
gpt-3.5-turbo-0125,1803.4632911392405,329.26835443037976
gpt-4o,1841.6515151515152,309.23737373737373
llama-3.1-8b-instruct-maas,1832.969696969697,712.0479797979798
