Case,Success Rate
Avoiding UDFs,75.75757575757575
Coalesce vs Repartition,87.87878787878788
Map vs MapPartitions,75.25252525252525
RDD vs DataFrame,66.16161616161617
Serialized Data Formats,51.515151515151516
