Case,Success Rate
Avoiding UDFs,56.56565656565656
Coalesce vs Repartition,81.31313131313132
Map vs MapPartitions,56.852791878172596
RDD vs DataFrame,66.16161616161617
Serialized Data Formats,40.4040404040404
