Model,Success Rate
gemini-1.0-pro-002,62.121212121212125
gemini-1.5-flash-002,77.57575757575758
gemini-2.0-flash-exp,75.75757575757575
gpt-3.5-turbo-0125,50.0
