Case,Accuracy,Precision,Recall,F1 Score
Avoiding UDFs,0.6060606060606061,0.4765625,0.8472222222222222,0.61
Coalesce vs Repartition,0.6262626262626263,0.4782608695652174,0.7971014492753623,0.5978260869565217
Map vs MapPartitions,0.6439393939393939,0.5962264150943396,0.8229166666666666,0.6914660831509847
RDD vs DataFrame,0.7575757575757576,0.7574626865671642,0.8675213675213675,0.8087649402390438
Serialized Data Formats,0.648989898989899,0.6932153392330384,0.8703703703703703,0.7717569786535303
