Model,Success Rate
gemini-1.0-pro-002,64.84848484848484
gemini-1.5-flash-002,76.96969696969697
gemini-2.0-flash-exp,78.78787878787878
gpt-3.5-turbo-0125,62.42424242424243
