Case,Success Rate
Avoiding UDFs,76.51515151515152
Coalesce vs Repartition,69.31818181818183
Map vs MapPartitions,67.8030303030303
RDD vs DataFrame,85.98484848484848
Serialized Data Formats,54.166666666666664
