Model,Accuracy,Precision,Recall,F1 Score
gemini-1.0-pro-002,0.33636363636363636,1.0,0.33636363636363636,0.5034013605442177
gemini-1.5-flash-002,0.6121212121212121,1.0,0.6121212121212121,0.7593984962406015
gemini-2.0-flash-exp,0.5,1.0,0.5,0.6666666666666666
gpt-3.5-turbo-0125,0.6090909090909091,1.0,0.6090909090909091,0.7570621468926554
