Model,Avg Input Tokens (All Case),Avg Output Tokens (All Case),Avg Input Tokens (Other Cases),Avg Output Tokens (Other Cases)
gemini-1.0-pro-002,2992.0,506.3030303030303,2158.6,411.4818181818182
gemini-1.5-flash-002,2992.0,1150.8939393939395,2158.6,382.6272727272727
gemini-2.0-flash-exp,2992.0,1481.030303030303,2158.6,632.5848484848485
gpt-3.5-turbo-0125,2310.369230769231,558.4923076923077,1703.6181818181817,284.1181818181818
gpt-4o,2512.9848484848485,688.5757575757576,1707.3848484848486,233.36969696969697
llama-3.1-8b-instruct-maas,2516.469696969697,1190.8030303030303,1696.269696969697,616.2969696969697
