Model,Avg Input Tokens (All Case),Avg Output Tokens (All Case),Avg Input Tokens (Other Cases),Avg Output Tokens (Other Cases),Cost Per 1M Token (Input),Cost Per 1M Token (Output),All Case Input Cost,All Case Output Cost,All Case Total Cost,Other Cases Input Cost,Other Cases Output Cost,Other Cases Total Cost
gemini-1.0-pro-002,2992.0,506.3030303030303,2158.6,411.4818181818182,0.5,1.5,0.001496,0.0007594545454545455,0.0022554545454545453,0.0010793,0.0006172227272727272,0.0016965227272727273
gemini-1.5-flash-002,2992.0,1150.8939393939395,2158.6,382.6272727272727,0.75,0.3,0.002244,0.0003452681818181818,0.0025892681818181816,0.00161895,0.00011478818181818181,0.001733738181818182
gpt-3.5-turbo-0125,2310.369230769231,558.4923076923077,1703.6181818181817,284.1181818181818,0.5,1.5,0.0011551846153846155,0.0008377384615384615,0.001992923076923077,0.0008518090909090908,0.0004261772727272727,0.0012779863636363635
gpt-4o,2512.9848484848485,688.5757575757576,1707.3848484848486,233.36969696969695,2.5,10.0,0.006282462121212121,0.006885757575757576,0.013168219696969697,0.004268462121212121,0.0023336969696969695,0.006602159090909091
llama-3.1-8b-instruct-maas,2516.469696969697,1190.8030303030305,1696.269696969697,616.2969696969697,0.1,0.1,0.0002516469696969697,0.00011908030303030306,0.0003707272727272728,0.00016962696969696973,6.162969696969696e-05,0.0002312566666666667
