Case,Success Rate
Avoiding UDFs,73.73737373737373
Coalesce vs Repartition,81.81818181818183
Map vs MapPartitions,70.70707070707071
RDD vs DataFrame,65.15151515151516
Serialized Data Formats,47.474747474747474
