Model,Accuracy,Precision,Recall,F1 Score
gpt-4o,0.8181818181818182,0.8121212121212121,0.8220858895705522,0.8170731707317073
