Case,Success Rate
Avoiding UDFs,83.33333333333334
Coalesce vs Repartition,81.81818181818183
Map vs MapPartitions,84.84848484848484
RDD vs DataFrame,95.45454545454545
Serialized Data Formats,63.63636363636363
