Case,Success Rate
Avoiding UDFs,78.78787878787878
Coalesce vs Repartition,81.81818181818183
Map vs MapPartitions,83.33333333333334
RDD vs DataFrame,96.96969696969697
Serialized Data Formats,59.09090909090909
