Case,Success Rate
Avoiding UDFs,48.484848484848484
Coalesce vs Repartition,37.878787878787875
Map vs MapPartitions,37.878787878787875
RDD vs DataFrame,45.45454545454545
Serialized Data Formats,63.63636363636363
