Model,Success Rate
gemini-1.0-pro-002,77.87878787878788
gemini-1.5-flash-002,57.27272727272727
gemini-2.0-flash-exp,68.18181818181817
