Model,Accuracy,Precision,Recall,F1 Score
gemini-1.0-pro-002,0.6212121212121212,0.5818965517241379,0.8282208588957055,0.6835443037974683
gemini-1.5-flash-002,0.7757575757575758,0.7258883248730964,0.8773006134969326,0.7944444444444444
gemini-2.0-flash-exp,0.7575757575757576,0.7128205128205128,0.852760736196319,0.776536312849162
gpt-3.5-turbo-0125,0.5,0.4968152866242038,0.9570552147239264,0.6540880503144654
gpt-4o,0.8181818181818182,0.8121212121212121,0.8220858895705522,0.8170731707317073
llama-3.1-8b-instruct-maas,0.4666666666666667,0.4745098039215686,0.7423312883435583,0.5789473684210527
