Case,Accuracy,Precision,Recall,F1 Score
Avoiding UDFs,0.7651515151515151,0.6711409395973155,0.6944444444444444,0.6825938566552902
Coalesce vs Repartition,0.702020202020202,0.553763440860215,0.7463768115942029,0.6358024691358025
Map vs MapPartitions,0.702020202020202,0.7126436781609196,0.6458333333333334,0.6775956284153005
RDD vs DataFrame,0.8207070707070707,0.8146718146718147,0.9017094017094017,0.8559837728194726
Serialized Data Formats,0.5656565656565656,0.6991869918699187,0.6370370370370371,0.6666666666666666
