Model,Accuracy,Precision,Recall,F1 Score
gemini-1.0-pro-002,0.6484848484848484,0.7117117117117117,0.48466257668711654,0.5766423357664233
gemini-1.5-flash-002,0.7727272727272727,0.7178217821782178,0.8895705521472392,0.7945205479452054
gemini-2.0-flash-exp,0.7878787878787878,0.7818181818181819,0.7914110429447853,0.7865853658536586
gpt-3.5-turbo-0125,0.6242424242424243,0.5970149253731343,0.7361963190184049,0.6593406593406593
gpt-4o,0.8,0.825503355704698,0.754601226993865,0.7884615384615384
llama-3.1-8b-instruct-maas,0.6333333333333333,0.6129032258064516,0.6993865030674846,0.6532951289398281
